churn_prob,predicted_churn,actual_churn,ContractRenewal,CustServCalls,DayMins
0.9518270847793071,1,1,0,0,298.4
0.9412059828439503,1,1,0,1,346.8
0.8521021510001532,1,1,1,7,135.7
0.8471810969759316,1,1,1,8,150.6
0.8429866565572631,1,1,0,0,258.0
0.8087621720357652,1,1,0,0,254.7
0.7846868581244371,1,1,0,0,265.9
0.7703738529691682,1,0,1,6,154.2
0.7635001086080853,1,1,1,7,149.3
0.7583767194447428,1,1,1,6,128.6
